,"Sunday, 11. February 2018 02:22PM"
,"Sunday, 11. February 2018 02:22PM"
,"Sunday, 11. February 2018 02:25PM"
,"Sunday, 11. February 2018 02:26PM"
,"Sunday, 11. February 2018 02:27PM"
,"Sunday, 11. February 2018 02:33PM"
,"Sunday, 11. February 2018 02:33PM"
,"Sunday, 11. February 2018 02:33PM"
,"Sunday, 11. February 2018 02:33PM"
,"Sunday, 11. February 2018 02:33PM"
,"Sunday, 11. February 2018 02:33PM"
,"Sunday, 11. February 2018 02:33PM"
,"Sunday, 11. February 2018 02:33PM"
,"Sunday, 11. February 2018 02:34PM"
,"Sunday, 11. February 2018 02:34PM"
,"Sunday, 11. February 2018 02:34PM"
,"Sunday, 11. February 2018 02:34PM"
,"Sunday, 11. February 2018 02:34PM"
,"Sunday, 11. February 2018 02:34PM"
,"Sunday, 11. February 2018 02:34PM"
,"Sunday, 11. February 2018 02:37PM"
,"Sunday, 11. February 2018 03:02PM"
,"Sunday, 11. February 2018 03:02PM"
,"Sunday, 11. February 2018 03:03PM"
,"Sunday, 11. February 2018 03:03PM"
,"Sunday, 11. February 2018 03:03PM"
,"Sunday, 11. February 2018 03:03PM"
,"Sunday, 11. February 2018 03:03PM"
,"Sunday, 11. February 2018 03:03PM"
,"Sunday, 11. February 2018 03:18PM"
